-- phpMyAdmin SQL Dump
-- version 5.1.1
-- https://www.phpmyadmin.net/
--
-- Host: 127.0.0.1
-- Generation Time: Sep 12, 2021 at 10:03 AM
-- Server version: 10.4.21-MariaDB
-- PHP Version: 8.0.10

SET SQL_MODE = "NO_AUTO_VALUE_ON_ZERO";
START TRANSACTION;
SET time_zone = "+00:00";


/*!40101 SET @OLD_CHARACTER_SET_CLIENT=@@CHARACTER_SET_CLIENT */;
/*!40101 SET @OLD_CHARACTER_SET_RESULTS=@@CHARACTER_SET_RESULTS */;
/*!40101 SET @OLD_COLLATION_CONNECTION=@@COLLATION_CONNECTION */;
/*!40101 SET NAMES utf8mb4 */;

--
-- Database: `detsdb`
--

-- --------------------------------------------------------

--
-- Table structure for table `courses`
--

CREATE TABLE `courses` (
  `id` int(30) NOT NULL,
  `course` varchar(100) NOT NULL,
  `description` text NOT NULL,
  `level` varchar(150) NOT NULL,
  `total_amount` float NOT NULL,
  `date_created` datetime NOT NULL DEFAULT current_timestamp()
) ENGINE=InnoDB DEFAULT CHARSET=utf8mb4;

--
-- Dumping data for table `courses`
--

INSERT INTO `courses` (`id`, `course`, `description`, `level`, `total_amount`, `date_created`) VALUES
(2, 'S', 'sample', '1', 22000, '2021-09-11 16:53:46');

-- --------------------------------------------------------

--
-- Table structure for table `fees`
--

CREATE TABLE `fees` (
  `id` int(30) NOT NULL,
  `course_id` int(30) NOT NULL,
  `description` varchar(200) NOT NULL,
  `amount` float NOT NULL
) ENGINE=InnoDB DEFAULT CHARSET=utf8mb4;

--
-- Dumping data for table `fees`
--

INSERT INTO `fees` (`id`, `course_id`, `description`, `amount`) VALUES
(4, 2, 'deposit', 2000),
(5, 2, 'deposit', 20000),
(6, 2, 'monthly', 2000);

-- --------------------------------------------------------

--
-- Table structure for table `payments`
--

CREATE TABLE `payments` (
  `id` int(30) NOT NULL,
  `ef_id` int(30) NOT NULL,
  `amount` float NOT NULL,
  `remarks` text NOT NULL,
  `date_created` datetime NOT NULL DEFAULT current_timestamp() ON UPDATE current_timestamp()
) ENGINE=InnoDB DEFAULT CHARSET=utf8mb4;

--
-- Dumping data for table `payments`
--

INSERT INTO `payments` (`id`, `ef_id`, `amount`, `remarks`, `date_created`) VALUES
(1, 1, 1000, 'sample', '2020-10-31 14:25:35'),
(2, 1, 500, 'sample 2', '2020-10-31 14:47:15'),
(3, 5, 2000, '', '2021-09-11 16:10:45'),
(4, 5, 4000, '', '2021-09-11 16:11:29'),
(5, 6, 2000, '', '2021-09-11 16:38:50'),
(6, 7, 10000, '', '2021-09-11 17:00:03');

-- --------------------------------------------------------

--
-- Table structure for table `student`
--

CREATE TABLE `student` (
  `id` int(30) NOT NULL,
  `id_no` varchar(100) NOT NULL,
  `name` text NOT NULL,
  `contact` varchar(100) NOT NULL,
  `address` text NOT NULL,
  `email` varchar(200) NOT NULL,
  `date_created` datetime NOT NULL DEFAULT current_timestamp()
) ENGINE=InnoDB DEFAULT CHARSET=utf8mb4;

--
-- Dumping data for table `student`
--

INSERT INTO `student` (`id`, `id_no`, `name`, `contact`, `address`, `email`, `date_created`) VALUES
(3, '06202021', 'MD. Meraj Ahamad', '123456789', 'Dhaka', 'testuser@gmail.com', '2021-09-11 16:08:22');

-- --------------------------------------------------------

--
-- Table structure for table `student_ef_list`
--

CREATE TABLE `student_ef_list` (
  `id` int(30) NOT NULL,
  `student_id` int(30) NOT NULL,
  `ef_no` varchar(200) NOT NULL,
  `course_id` int(30) NOT NULL,
  `total_fee` float NOT NULL,
  `date_created` datetime NOT NULL DEFAULT current_timestamp()
) ENGINE=InnoDB DEFAULT CHARSET=utf8mb4;

--
-- Dumping data for table `student_ef_list`
--

INSERT INTO `student_ef_list` (`id`, `student_id`, `ef_no`, `course_id`, `total_fee`, `date_created`) VALUES
(1, 2, '2020-654278', 1, 4500, '2020-10-31 12:04:18'),
(3, 0, '2021-65789', 1, 4500, '2021-09-11 16:00:28'),
(4, 0, '2021-678950', 1, 4500, '2021-09-11 16:02:36'),
(7, 3, '2021-678952', 2, 22000, '2021-09-11 16:58:38');

-- --------------------------------------------------------

--
-- Table structure for table `system_settings`
--

CREATE TABLE `system_settings` (
  `id` int(30) NOT NULL,
  `name` text NOT NULL,
  `email` varchar(200) NOT NULL,
  `contact` varchar(20) NOT NULL,
  `cover_img` text NOT NULL,
  `about_content` text NOT NULL
) ENGINE=InnoDB DEFAULT CHARSET=utf8mb4;

--
-- Dumping data for table `system_settings`
--

INSERT INTO `system_settings` (`id`, `name`, `email`, `contact`, `cover_img`, `about_content`) VALUES
(1, '', '', '', '', '');

-- --------------------------------------------------------

--
-- Table structure for table `tblexpense`
--

CREATE TABLE `tblexpense` (
  `ID` int(10) NOT NULL,
  `UserId` int(10) NOT NULL,
  `ExpenseDate` date DEFAULT NULL,
  `ExpenseItem` varchar(200) DEFAULT NULL,
  `ExpenseCost` varchar(200) DEFAULT NULL,
  `NoteDate` timestamp NULL DEFAULT current_timestamp()
) ENGINE=InnoDB DEFAULT CHARSET=latin1;

--
-- Dumping data for table `tblexpense`
--

INSERT INTO `tblexpense` (`ID`, `UserId`, `ExpenseDate`, `ExpenseItem`, `ExpenseCost`, `NoteDate`) VALUES
(1, 2, '2019-05-15', 'Milk', '63', NULL),
(2, 2, '2019-05-15', 'Vegitables', '520', '2019-05-15 10:06:19'),
(3, 2, '2019-05-15', 'Household Items', '5200', '2019-05-15 10:07:08'),
(4, 2, '2019-05-14', 'Milk', '83', '2019-05-15 10:07:27'),
(5, 2, '2019-05-14', 'Bed Sheets', '1120', '2019-05-15 10:07:49'),
(6, 2, '2019-05-12', 'Fruits', '890', '2019-05-15 10:08:09'),
(7, 2, '2019-05-10', 'Household Items', '5600', '2019-05-15 10:08:26'),
(8, 2, '2019-04-24', 'Milk', '102', '2019-05-15 10:08:44'),
(9, 2, '2019-05-08', 'Bed Sheets', '890', '2019-05-15 10:08:57'),
(10, 2, '2018-12-19', 'Household Items', '1120', '2019-05-15 10:09:34'),
(11, 2, '2018-12-19', 'Fruits', '560', '2019-05-15 10:09:52'),
(13, 2, '2018-12-20', 'Tour of Manali', '30000', '2019-05-15 10:15:47'),
(14, 2, '2019-05-14', 'Milk', '360', '2019-05-15 10:21:31'),
(15, 3, '2019-05-15', 'Milk', '123', '2019-05-15 10:29:56'),
(16, 3, '2019-05-15', 'Household Items', '360', '2019-05-15 10:30:06'),
(17, 3, '2019-05-15', 'Bed Sheets', '3000', '2019-05-15 10:30:18'),
(18, 3, '2019-05-07', 'Milk', '123', '2019-05-15 10:30:28'),
(19, 3, '2019-05-14', 'Household Items', '3600', '2019-05-15 10:30:38'),
(20, 2, '2019-05-14', 'Electric Board Extension', '300', '2019-05-15 15:11:33'),
(21, 2, '2019-04-11', 'Milk', '123', '2019-05-15 17:50:24'),
(22, 2, '2019-04-10', 'Household Items', '520', '2019-05-15 17:50:37'),
(23, 2, '2019-05-16', 'Household Items', '360', '2019-05-16 07:29:54'),
(25, 8, '2019-05-17', 'Milk', '3600', '2019-05-17 05:35:13'),
(26, 8, '2019-05-16', 'Bed Sheets', '1025', '2019-05-17 05:35:42'),
(27, 1, '2019-05-17', 'Computer Mouse', '500', '2019-05-18 05:19:05'),
(30, 1, '2019-05-18', 'Milk + Bread', '80', '2019-05-18 05:22:01'),
(33, 10, '2019-05-18', 'Room Rent', '10000', '2019-05-18 05:36:26'),
(35, 11, '2021-09-12', 's1', '20000', '2021-09-12 06:42:14');

-- --------------------------------------------------------

--
-- Table structure for table `tbluser`
--

CREATE TABLE `tbluser` (
  `ID` int(10) NOT NULL,
  `FullName` varchar(150) DEFAULT NULL,
  `Email` varchar(200) DEFAULT NULL,
  `MobileNumber` bigint(10) DEFAULT NULL,
  `Password` varchar(200) DEFAULT NULL,
  `RegDate` timestamp NOT NULL DEFAULT current_timestamp()
) ENGINE=InnoDB DEFAULT CHARSET=latin1;

--
-- Dumping data for table `tbluser`
--

INSERT INTO `tbluser` (`ID`, `FullName`, `Email`, `MobileNumber`, `Password`, `RegDate`) VALUES
(1, 'Rajeshwari', 'raj@gmail.com', 5655555655, '202cb962ac59075b964b07152d234b70', '2019-05-15 08:52:27'),
(2, 'Meenakhi', 'meena@gmail.com', 8989898897, '81dc9bdb52d04dc20036dbd8313ed055', '2019-05-15 08:52:27'),
(3, 'Khusbu', 'khusi@gmail.com', 5645798897, '202cb962ac59075b964b07152d234b70', '2019-05-15 08:52:27'),
(4, 'Shantanu Bhardwaj', 'shan@gmail.com', 7895641236, '202cb962ac59075b964b07152d234b70', '2019-05-17 05:13:23'),
(8, 'Test', 'test@gmail.com', 5656556565, '202cb962ac59075b964b07152d234b70', '2019-05-17 05:34:16'),
(9, 'Anuj kumar', 'phpgurukulofficial@gmail.com', 1234567890, 'f925916e2754e5e03f75dd58a5733251', '2019-05-18 05:31:47'),
(10, 'Test User demo', 'testuser@gmail.com', 987654321, 'f925916e2754e5e03f75dd58a5733251', '2019-05-18 05:34:53'),
(11, 'MD. Meraj Ahamad', 'shuvoahsas@gmail.com', 1515248789, '827ccb0eea8a706c4c34a16891f84e7b', '2021-09-12 06:40:40');

-- --------------------------------------------------------

--
-- Table structure for table `users`
--

CREATE TABLE `users` (
  `id` int(30) NOT NULL,
  `name` text NOT NULL,
  `username` varchar(200) NOT NULL,
  `password` text NOT NULL,
  `type` tinyint(1) NOT NULL DEFAULT 3 COMMENT '1=Admin,2=Staff'
) ENGINE=InnoDB DEFAULT CHARSET=utf8mb4;

--
-- Dumping data for table `users`
--

INSERT INTO `users` (`id`, `name`, `username`, `password`, `type`) VALUES
(1, 'admin', 'admin', '0192023a7bbd73250516f069df18b500', 1);

--
-- Indexes for dumped tables
--

--
-- Indexes for table `courses`
--
ALTER TABLE `courses`
  ADD PRIMARY KEY (`id`);

--
-- Indexes for table `fees`
--
ALTER TABLE `fees`
  ADD PRIMARY KEY (`id`);

--
-- Indexes for table `payments`
--
ALTER TABLE `payments`
  ADD PRIMARY KEY (`id`);

--
-- Indexes for table `student`
--
ALTER TABLE `student`
  ADD PRIMARY KEY (`id`);

--
-- Indexes for table `student_ef_list`
--
ALTER TABLE `student_ef_list`
  ADD PRIMARY KEY (`id`);

--
-- Indexes for table `system_settings`
--
ALTER TABLE `system_settings`
  ADD PRIMARY KEY (`id`);

--
-- Indexes for table `tblexpense`
--
ALTER TABLE `tblexpense`
  ADD PRIMARY KEY (`ID`);

--
-- Indexes for table `tbluser`
--
ALTER TABLE `tbluser`
  ADD PRIMARY KEY (`ID`);

--
-- Indexes for table `users`
--
ALTER TABLE `users`
  ADD PRIMARY KEY (`id`);

--
-- AUTO_INCREMENT for dumped tables
--

--
-- AUTO_INCREMENT for table `courses`
--
ALTER TABLE `courses`
  MODIFY `id` int(30) NOT NULL AUTO_INCREMENT, AUTO_INCREMENT=3;

--
-- AUTO_INCREMENT for table `fees`
--
ALTER TABLE `fees`
  MODIFY `id` int(30) NOT NULL AUTO_INCREMENT, AUTO_INCREMENT=7;

--
-- AUTO_INCREMENT for table `payments`
--
ALTER TABLE `payments`
  MODIFY `id` int(30) NOT NULL AUTO_INCREMENT, AUTO_INCREMENT=7;

--
-- AUTO_INCREMENT for table `student`
--
ALTER TABLE `student`
  MODIFY `id` int(30) NOT NULL AUTO_INCREMENT, AUTO_INCREMENT=4;

--
-- AUTO_INCREMENT for table `student_ef_list`
--
ALTER TABLE `student_ef_list`
  MODIFY `id` int(30) NOT NULL AUTO_INCREMENT, AUTO_INCREMENT=8;

--
-- AUTO_INCREMENT for table `system_settings`
--
ALTER TABLE `system_settings`
  MODIFY `id` int(30) NOT NULL AUTO_INCREMENT, AUTO_INCREMENT=2;

--
-- AUTO_INCREMENT for table `tblexpense`
--
ALTER TABLE `tblexpense`
  MODIFY `ID` int(10) NOT NULL AUTO_INCREMENT, AUTO_INCREMENT=36;

--
-- AUTO_INCREMENT for table `tbluser`
--
ALTER TABLE `tbluser`
  MODIFY `ID` int(10) NOT NULL AUTO_INCREMENT, AUTO_INCREMENT=12;

--
-- AUTO_INCREMENT for table `users`
--
ALTER TABLE `users`
  MODIFY `id` int(30) NOT NULL AUTO_INCREMENT, AUTO_INCREMENT=2;
COMMIT;

/*!40101 SET CHARACTER_SET_CLIENT=@OLD_CHARACTER_SET_CLIENT */;
/*!40101 SET CHARACTER_SET_RESULTS=@OLD_CHARACTER_SET_RESULTS */;
/*!40101 SET COLLATION_CONNECTION=@OLD_COLLATION_CONNECTION */;
